-- MySQL dump 10.13  Distrib 5.7.12, for Win64 (x86_64)
--
-- Host: localhost    Database: ligatercera
-- ------------------------------------------------------
-- Server version	5.7.16-log

/*!40101 SET @OLD_CHARACTER_SET_CLIENT=@@CHARACTER_SET_CLIENT */;
/*!40101 SET @OLD_CHARACTER_SET_RESULTS=@@CHARACTER_SET_RESULTS */;
/*!40101 SET @OLD_COLLATION_CONNECTION=@@COLLATION_CONNECTION */;
/*!40101 SET NAMES utf8 */;
/*!40103 SET @OLD_TIME_ZONE=@@TIME_ZONE */;
/*!40103 SET TIME_ZONE='+00:00' */;
/*!40014 SET @OLD_UNIQUE_CHECKS=@@UNIQUE_CHECKS, UNIQUE_CHECKS=0 */;
/*!40014 SET @OLD_FOREIGN_KEY_CHECKS=@@FOREIGN_KEY_CHECKS, FOREIGN_KEY_CHECKS=0 */;
/*!40101 SET @OLD_SQL_MODE=@@SQL_MODE, SQL_MODE='NO_AUTO_VALUE_ON_ZERO' */;
/*!40111 SET @OLD_SQL_NOTES=@@SQL_NOTES, SQL_NOTES=0 */;

--
-- Table structure for table `clasificacion`
--

DROP TABLE IF EXISTS `clasificacion`;
/*!40101 SET @saved_cs_client     = @@character_set_client */;
/*!40101 SET character_set_client = utf8 */;
CREATE TABLE `clasificacion` (
  `codeq` char(3) NOT NULL,
  `pj` tinyint(4) DEFAULT '0',
  `pg` tinyint(4) DEFAULT '0',
  `pe` tinyint(4) DEFAULT '0',
  `gf` tinyint(4) DEFAULT '0',
  `gc` tinyint(4) DEFAULT '0',
  `puntos` tinyint(4) DEFAULT '0',
  PRIMARY KEY (`codeq`),
  CONSTRAINT `fk_clas_equipos` FOREIGN KEY (`codeq`) REFERENCES `equipos` (`codeq`) ON DELETE CASCADE ON UPDATE CASCADE
) ENGINE=InnoDB DEFAULT CHARSET=utf8;
/*!40101 SET character_set_client = @saved_cs_client */;

--
-- Dumping data for table `clasificacion`
--

LOCK TABLES `clasificacion` WRITE;
/*!40000 ALTER TABLE `clasificacion` DISABLE KEYS */;
INSERT INTO `clasificacion` VALUES ('ALB',0,0,0,0,0,0),('BAR',0,0,0,0,0,0),('BEZ',0,0,0,0,0,0),('CAY',0,0,0,0,0,0),('ESC',0,0,0,0,0,0),('GIM',0,0,0,0,0,0),('GNZ',0,0,0,0,0,0),('LAR',0,0,0,0,0,0),('RAC',0,0,0,0,0,0),('RYC',0,0,0,0,0,0),('SAM',0,0,0,0,0,0),('SAN',0,0,0,0,0,0),('SEL',0,0,0,0,0,0),('SIE',0,0,0,0,0,0),('SOL',0,0,0,0,0,0),('TEX',0,0,0,0,0,0),('TPZ',0,0,0,0,0,0),('VEL',0,0,0,0,0,0),('VIM',0,0,0,0,0,0);
/*!40000 ALTER TABLE `clasificacion` ENABLE KEYS */;
UNLOCK TABLES;

--
-- Table structure for table `equipos`
--

DROP TABLE IF EXISTS `equipos`;
/*!40101 SET @saved_cs_client     = @@character_set_client */;
/*!40101 SET character_set_client = utf8 */;
CREATE TABLE `equipos` (
  `codeq` char(3) NOT NULL,
  `nombre` varchar(30) NOT NULL,
  `localidad` varchar(20) NOT NULL,
  `estadio` varchar(30) DEFAULT NULL,
  `escudo` varchar(100) DEFAULT NULL,
  `fotoplantilla` varchar(100) DEFAULT NULL,
  PRIMARY KEY (`codeq`),
  UNIQUE KEY `nombre` (`nombre`)
) ENGINE=InnoDB DEFAULT CHARSET=utf8;
/*!40101 SET character_set_client = @saved_cs_client */;

--
-- Dumping data for table `equipos`
--

LOCK TABLES `equipos` WRITE;
/*!40000 ALTER TABLE `equipos` DISABLE KEYS */;
INSERT INTO `equipos` VALUES ('ALB','AT.Albericia','Santander','Juan Hormaechea','escudo_alberi.png','plantilla_alberi.png'),('BAR','S.D. Barreda BP.','Barreda','Solvay',NULL,NULL),('BEZ','C.D. Bezana','Santa Cruz de Bezana','Municipal de Bezana','escudo_bezana.jpg',NULL),('CAS','Castro F.C.','Castro Urdiales','Mioño',NULL,NULL),('CAY','Club Deportivo Cayón','Sarón','Fernando Astobiza',NULL,NULL),('ESC','U.M. Escobedo','Camargo','Eusebio Arce','escudo_escobedo.jpg',NULL),('GIM','R.S. Gimnástica de Torrelavega','Torrelavega','El Malecón',NULL,NULL),('GNZ','Cultural Guarnizo','Guarnizo ','El Pilar',NULL,NULL),('LAR','S.D Laredo','Laredo','San Lorenzo','escudocharles.png',NULL),('RAC','Real Racing Club B','Santander','Instalaciones Nando Yosu',NULL,NULL),('RYC','S.D Rayo Cantabria','Santander','San Román',NULL,NULL),('SAM','U. D. Samano','Sámano','El Vallegón',NULL,NULL),('SAN','E.D.M. Santillana','Santillana del Mar','Carlos Alonso González',NULL,NULL),('SEL','Selaya F.C.','Selaya','El Castañal',NULL,'selaya.jpg'),('SIE','A.D. Siete Villas','Siete Villas','San Pedro','escudo7villas.jpg','jugadores7villas.jpg'),('SOL','S.D. Solares','Solares','Medio Cudeyo',NULL,NULL),('TEX','S.D. Textil Escudo','Cabezón de la Sal','Municipal de Cabezón de la Sal','escudoTextil.jpg',NULL),('TPZ','C.D. Tropezon ','Torrelavega','Santa Ana',NULL,NULL),('VEL','Velarde Camargo C.F.','Camargo','La Maruca',NULL,NULL),('VIM','C.F Vimenor','Vioño de Pielagos','La Vidriera',NULL,NULL);
/*!40000 ALTER TABLE `equipos` ENABLE KEYS */;
UNLOCK TABLES;

--
-- Table structure for table `goles`
--

DROP TABLE IF EXISTS `goles`;
/*!40101 SET @saved_cs_client     = @@character_set_client */;
/*!40101 SET character_set_client = utf8 */;
CREATE TABLE `goles` (
  `numfila` int(11) NOT NULL AUTO_INCREMENT,
  `jornada` tinyint(4) DEFAULT NULL,
  `numpartido` tinyint(4) DEFAULT NULL,
  `periodo` tinyint(4) DEFAULT '1',
  `minuto` tinyint(4) DEFAULT NULL,
  `Jugador` int(11) DEFAULT NULL,
  `pp` tinyint(4) DEFAULT '0',
  PRIMARY KEY (`numfila`),
  KEY `fk_goles_partidos` (`jornada`,`numpartido`),
  KEY `fk_goles_jugadores_idx` (`Jugador`),
  CONSTRAINT `fk_goles_jugadores` FOREIGN KEY (`Jugador`) REFERENCES `jugadores` (`numjug`) ON DELETE NO ACTION ON UPDATE CASCADE,
  CONSTRAINT `fk_goles_partidos` FOREIGN KEY (`jornada`, `numpartido`) REFERENCES `partidos` (`numjornada`, `numpartido`) ON DELETE NO ACTION ON UPDATE NO ACTION
) ENGINE=InnoDB AUTO_INCREMENT=164 DEFAULT CHARSET=utf8;
/*!40101 SET character_set_client = @saved_cs_client */;

--
-- Dumping data for table `goles`
--

LOCK TABLES `goles` WRITE;
/*!40000 ALTER TABLE `goles` DISABLE KEYS */;
INSERT INTO `goles` VALUES (1,1,1,2,49,160,0),(2,1,1,2,76,160,0),(3,1,1,2,89,158,0),(4,1,2,1,7,42,0),(5,1,2,2,63,288,0),(6,1,2,2,89,297,0),(7,1,1,1,28,143,0),(8,1,3,2,86,284,0),(9,1,6,2,47,73,0),(10,1,6,2,67,73,0),(11,1,6,2,76,70,0),(12,1,6,2,65,15,0),(13,1,7,2,76,52,0),(14,1,7,2,57,124,0),(15,1,8,1,22,229,0),(16,1,8,2,67,269,0),(17,1,8,2,69,77,0),(18,1,9,1,4,35,0),(19,1,9,1,7,35,0),(20,1,9,2,89,35,0),(21,1,9,2,83,307,0),(22,1,10,1,35,87,0),(23,1,10,2,67,96,0),(24,4,6,2,56,123,0),(25,4,6,2,83,98,0),(26,4,7,1,15,228,0),(27,4,7,1,22,329,0),(28,4,7,2,76,261,0),(29,4,8,2,51,307,0),(30,4,8,2,83,62,0),(31,4,9,1,6,235,0),(32,4,9,1,35,91,0),(33,4,9,2,71,302,0),(34,4,9,2,88,86,0),(35,4,10,2,68,32,0),(36,1,4,2,77,98,0),(37,1,5,2,68,228,0),(38,1,5,2,70,228,0),(39,1,5,2,78,216,0),(40,1,5,2,89,219,0),(80,2,1,1,35,371,0),(81,2,2,1,11,150,0),(82,2,2,1,31,103,0),(97,2,9,1,7,374,0),(98,2,9,2,56,313,0),(99,2,9,2,80,313,0),(100,2,9,2,89,269,0),(101,2,10,1,10,30,0),(102,2,10,2,52,96,0),(103,3,1,1,18,110,0),(104,3,1,1,44,288,0),(105,3,1,2,89,375,0),(106,3,2,1,28,160,0),(107,3,2,1,43,369,0),(108,3,2,2,68,152,0),(109,3,2,2,78,161,0),(110,3,3,1,29,330,0),(111,3,4,2,70,277,0),(112,3,5,1,37,101,0),(113,3,5,2,76,15,0),(114,3,5,2,89,57,0),(115,3,6,1,12,227,0),(116,3,6,2,85,223,0),(117,3,7,1,26,73,0),(118,3,7,2,85,73,0),(119,3,8,1,20,376,0),(120,3,9,1,41,89,0),(121,3,9,2,72,93,0),(122,3,9,2,79,85,0),(123,3,9,2,86,85,0),(124,3,9,2,87,93,0),(125,3,10,1,26,314,0),(126,3,10,2,89,35,0),(127,4,1,1,19,42,0),(128,4,2,2,77,377,0),(129,4,3,1,42,160,0),(130,4,3,2,58,158,0),(131,4,3,2,65,161,0),(132,4,3,2,78,378,0),(133,4,3,2,85,162,0),(134,4,3,2,88,159,0),(135,4,4,1,22,321,0),(136,4,4,1,33,379,0),(137,4,4,2,50,379,0),(138,4,4,2,68,263,0),(139,4,4,2,79,262,0),(140,4,5,1,9,13,0),(141,5,1,1,16,380,0),(142,5,1,2,65,380,0),(143,5,2,1,23,341,1),(144,5,2,1,38,381,0),(145,5,2,2,76,342,0),(146,5,2,2,85,381,0),(147,5,3,1,33,161,0),(148,5,3,2,66,161,0),(149,5,4,2,81,12,0),(150,5,4,2,87,13,0),(151,5,5,1,17,370,0),(152,5,6,1,13,365,0),(153,5,6,1,35,360,1),(154,5,6,2,82,367,0),(155,5,6,2,89,359,0),(156,5,7,1,9,228,0),(157,5,7,1,19,382,0),(158,5,7,2,71,227,0),(159,5,7,2,75,228,0),(160,5,7,2,80,382,0),(161,5,7,2,85,227,0),(162,5,7,2,87,228,0),(163,5,8,1,13,93,0);
/*!40000 ALTER TABLE `goles` ENABLE KEYS */;
UNLOCK TABLES;

--
-- Table structure for table `jugadores`
--

DROP TABLE IF EXISTS `jugadores`;
/*!40101 SET @saved_cs_client     = @@character_set_client */;
/*!40101 SET character_set_client = utf8 */;
CREATE TABLE `jugadores` (
  `numjug` int(11) NOT NULL AUTO_INCREMENT,
  `alias` varchar(20) NOT NULL,
  `nombre` varchar(20) DEFAULT NULL,
  `apellidos` varchar(30) DEFAULT NULL,
  `fechanac` date DEFAULT NULL,
  `goles` int(11) DEFAULT '0',
  `tarj_amarillas` int(11) DEFAULT '0',
  `tarj_rojas` int(11) DEFAULT '0',
  `equipo` char(3) DEFAULT NULL,
  `puesto` enum('portero','defensa','centrocampista','delantero') DEFAULT NULL,
  PRIMARY KEY (`numjug`),
  KEY `fk_jugador_equipo` (`equipo`),
  CONSTRAINT `fk_jugador_equipo` FOREIGN KEY (`equipo`) REFERENCES `equipos` (`codeq`) ON DELETE SET NULL ON UPDATE CASCADE
) ENGINE=InnoDB AUTO_INCREMENT=383 DEFAULT CHARSET=utf8;
/*!40101 SET character_set_client = @saved_cs_client */;

--
-- Dumping data for table `jugadores`
--

LOCK TABLES `jugadores` WRITE;
/*!40000 ALTER TABLE `jugadores` DISABLE KEYS */;
INSERT INTO `jugadores` VALUES (1,'Berto','Alberto','Rivero Aguirre','1997-05-07',0,0,0,'TEX','portero'),(2,'Raul Bordas','Raul','Bordas Gomez','1990-08-09',0,0,0,'TEX','defensa'),(3,'Aitor','Aitor','San Emeterio Díaz','1987-05-14',0,0,0,'TEX','defensa'),(4,'Adrián','Adrián','Díaz Saíz','1979-06-18',0,0,0,'TEX','defensa'),(5,'Adrián Mier','Adrián','Mier Sañudo','1992-04-25',0,0,0,'TEX','defensa'),(6,'Bruno','Bruno','Arozamena Fernández','1989-05-14',0,0,0,'TEX','centrocampista'),(7,'Butra','Álvaro','Gómez Herranz','1984-07-25',0,0,0,'TEX','centrocampista'),(8,'Cano','Pablo','Cano González','1987-06-06',0,0,0,'TEX','centrocampista'),(9,'Guillermo','Guillermo','González Alonso','1993-08-29',0,0,0,'TEX','centrocampista'),(10,'Diego Rivero','Diego','Dosal Rivero','1987-08-14',0,0,0,'TEX','defensa'),(11,'Edgar','Edga','Díaz Bolado','1993-02-18',0,0,0,'TEX','defensa'),(12,'Pablo Iglesias','Pablo','Iglesias Exposito','1997-02-14',0,0,0,'TEX','delantero'),(13,'Perujo','Daniel','Fernández Gutiérrez','1988-04-23',0,0,0,'TEX','delantero'),(14,'Raul Rivero','Raul','Rivero Mier','1998-09-25',0,0,0,'TEX','delantero'),(15,'Alechiguerra','Sergio','Alechiguerra Galguera','1998-05-16',0,0,0,'TEX','delantero'),(16,'Marcote','Miguel','Marcote Feijoó','1996-12-18',0,0,0,'VEL','portero'),(17,'Sergio','Sergio','del Río Ochogavias','1994-11-05',0,0,0,'SAM','portero'),(18,'Ruben','Ruben','Bustillo Cavia','1989-03-24',0,0,0,'VEL','portero'),(19,'Peón','Adrián','Peón García',NULL,0,0,0,'RAC','portero'),(20,'Marcos Martin','Marcos','Martín Martínez ','1994-08-19',0,0,0,'VEL','defensa'),(21,'Adrián','Adrián','Zorrilla Reigadas',NULL,0,0,0,'RAC','defensa'),(22,'Mora','David ','Moral','1984-02-21',0,0,0,'LAR','portero'),(23,'Mier','Álvaro','Mier','1993-01-29',0,0,0,'LAR','defensa'),(24,'Barcena','Diego','Barcena','1991-06-07',0,0,0,'LAR','defensa'),(25,'Cano','Alvaro','cano','1991-05-06',0,0,0,'LAR','defensa'),(26,'Garci','Pablo','Garcia','1986-02-01',0,0,0,'LAR','defensa'),(27,'Rasines','Alex','Rasines','1997-04-14',0,0,0,'LAR','defensa'),(28,'Ander','Ander','Somarriba','1997-07-06',0,0,0,'LAR','centrocampista'),(29,'Felipe','Felipe','Peredo','1997-05-23',0,0,0,'LAR','centrocampista'),(30,'Lila','Alvaro','Diez','1987-07-02',0,0,0,'LAR','centrocampista'),(31,'Luis','Luis','Gomez','1987-08-18',0,0,0,'LAR','centrocampista'),(32,'Manu','Manuel','Ortiz','1987-05-11',0,0,0,'LAR','centrocampista'),(33,'Camino','David','Camino','1986-02-06',0,0,0,'LAR','delantero'),(34,'Mauri','Mauricio','Minguez','1984-05-28',0,0,0,'LAR','delantero'),(35,'Vinatea','David','Vinatea','1989-08-16',0,0,0,'LAR','delantero'),(36,'Miguel Bada','Miguel Angel ','Bada Hierro','1984-08-09',0,0,0,'VEL','defensa'),(37,'Borja Ares','Borja','Ares Ortiz',NULL,0,0,0,'RAC','defensa'),(39,'JORGE','Jorge','Fernandez Sainz',NULL,0,0,0,'SEL','portero'),(41,'Hoyuela','Jaime','Hoyuela Aparicio',NULL,0,0,0,'RAC','centrocampista'),(42,'Rozas','Diego','Rozas Miguélez',NULL,0,0,0,'RAC','centrocampista'),(45,'Jose','José Antonio','Salazar carriles','1991-10-01',0,0,0,'SOL','portero'),(46,'Chus Puras','Jesús','Puras Esteban',NULL,0,0,0,'RAC','defensa'),(49,'Chus Gutierrez','Jesus','Gutierrez Sanchez',NULL,0,0,0,'SEL','defensa'),(50,'Julio','Julio','Ruiz Barquin',NULL,0,0,0,'SEL','defensa'),(51,'Pablo Ruiz','Pablo','Ruiz Callirgos','1989-02-17',0,0,0,'VEL','defensa'),(52,'Quique Arias','Jose Enrique ','Arias del Rio','1995-06-16',0,0,0,'VEL','defensa'),(53,'MARTIN','Martin','Ruiz Fernandez',NULL,0,0,0,'SEL','defensa'),(54,'PABLO','Pablo','Herrero Fernandez',NULL,0,0,0,'SEL','defensa'),(55,'ROMAN','Roman','Carral Lavin',NULL,0,0,0,'SEL','defensa'),(57,'Adrian Cobo','Adrian','Cobo Arroyo',NULL,0,0,0,'SEL','centrocampista'),(59,'BRUNO','Bruno','Sainz Sainz',NULL,0,0,0,'SEL','centrocampista'),(60,'Modino','Héctor','Modino Martínez','1985-10-14',0,0,0,'GNZ','portero'),(61,'Gonzalo','Gonzalo','Barba Ortiz','1986-03-10',0,0,0,'SAM','defensa'),(62,'Igor Vázquez','Igor','Vázquez Vizcay','1994-10-03',0,0,0,'SAM','defensa'),(63,'Jon Ander','Jon Ander','Saralegui Odriozola',NULL,0,0,0,'SAM','defensa'),(64,'Juan Moreira','Juan','Moreira González','1981-01-24',0,0,0,'SAM','defensa'),(65,'Lanky','Aitor','Vázquez Gutierrez','1990-09-29',0,0,0,'SAM','defensa'),(66,'Aguirre','David','Diaz Saiz',NULL,0,0,0,'SAM','centrocampista'),(67,'Alex Izurieta','Alejandro','Izurieta Pérez','1997-04-10',0,0,0,'SAM','centrocampista'),(68,'Iriarte','Alvaro','Iriarte Miquelarena','1998-05-25',0,0,0,'SAM','centrocampista'),(69,'Revuelta','Christian','Revuelta Monasterio',NULL,0,0,0,'SAM','centrocampista'),(70,'Estevez','Juan','Estevez Villanueva',NULL,0,0,0,'SAM','delantero'),(71,'Garmendia','Aitor','Garmendia Olabarría','1988-01-09',0,0,0,'SAM','delantero'),(72,'Liaño','Carlos','Liaño Tejera',NULL,0,0,0,'SAM','delantero'),(73,'Miguel Zorrilla','Miguel','Zorrilla Vélez','1994-02-26',0,0,0,'SAM','delantero'),(74,'Robson','Robson','Alonso Alvez','1993-10-31',0,0,0,'SAM','delantero'),(75,'Velar','Sergio','Velar Pérez',NULL,0,0,0,'SAM','delantero'),(76,'Eliseo','Eliseo','Fernandez Samano',NULL,0,0,0,'SEL','centrocampista'),(77,'Álvaro Ruiz','Álvaro','Ruiz San Román','1987-01-07',0,0,0,'SIE','portero'),(78,'Jaime Barreda','Jaime','Barreda Gomez',NULL,0,0,0,'SEL','centrocampista'),(79,'Hugo','Hugo','Guil Pérez','1991-11-11',0,0,0,'GIM','portero'),(80,'Puras','David','Puras Martínez','1995-08-18',0,0,0,'GIM','portero'),(81,'Camus','Borja','Camus de Miguel','1989-07-09',0,0,0,'GIM','defensa'),(82,'Cote','José Antonio','González Soberón','1993-01-09',0,0,0,'GIM','defensa'),(83,'Felipe Belmonte','Felipe','Belmonte Moreno','1990-06-13',0,0,0,'GIM','defensa'),(84,'Fer','Fernando','Fernández Rivas','1990-10-13',0,0,0,'GIM','defensa'),(85,'Cagigas','Carlos','Cagigas Ballesteros','1990-10-16',0,0,0,'GIM','centrocampista'),(86,'Fermín','Fermín','Sánchez Ruiz','1996-05-31',0,0,0,'GIM','centrocampista'),(87,'Javito','Javier','Pascual Pérez','1993-05-23',0,0,0,'GIM','centrocampista'),(88,'Marquitos','Marcos','García Alcalde','1997-08-22',0,0,0,'GIM','centrocampista'),(89,'Palazuelos','Rubén','Palazuelos García','1983-04-11',0,0,0,'GIM','centrocampista'),(90,'Victor','Víctor','Fernández Gárate','1994-02-01',0,0,0,'GIM','centrocampista'),(91,'Vitienes','Hugo','Vitienes Hoyos','1991-06-25',0,0,0,'GIM','centrocampista'),(92,'Kamate','Dramane','Kamate','1986-08-31',0,0,0,'GIM','delantero'),(93,'Nacho Rodríguez','Ignacio','Rodríguez Ortiz','1982-11-11',0,0,0,'GIM','delantero'),(94,'Perry','Alejandro','Ruiz García','1992-01-16',0,0,0,'GIM','delantero'),(95,'Alvaro','Álvaro','González-Linares Muñoz','2000-01-29',0,0,0,'GIM','portero'),(96,'Lucho','Luis Alberto','Díaz Ruiz','1990-04-02',0,0,0,'GIM','defensa'),(97,'Nacho','Ignacio','González Pacheco','1995-05-02',0,0,0,'GIM','defensa'),(98,'Javi Conde','Javier','Conde Palazuelos',NULL,0,0,0,'SEL','centrocampista'),(99,'Victor Saiz','Victor','Saiz Diaz','1986-05-10',0,0,0,'RYC','portero'),(100,'Jose Julian','Jose Julian','Gomez Garcia',NULL,0,0,0,'SEL','centrocampista'),(101,'Manu','Manuel','Ortiz Gonzalez',NULL,0,0,0,'SEL','centrocampista'),(102,'Tomy','Tomas','Diego Garcia',NULL,0,0,0,'SEL','centrocampista'),(103,'Darío','Darío','Sánchez Somocarrera',NULL,0,0,0,'RAC','defensa'),(104,'Iñgo Sainz','Iñigo','Sáinz Maza Serna',NULL,0,0,0,'RAC','defensa'),(105,'Javi Gomez','Javier','Gómez Puebla',NULL,0,0,0,'RAC','defensa'),(106,'Jerin Marcolino','Jerin','Ramos Santos',NULL,0,0,0,'RAC','defensa'),(107,'Migui','Miguel','Goñi Gallego',NULL,0,0,0,'RAC','defensa'),(108,'Miguelez','Paulino','Miguélez Fernández',NULL,0,0,0,'RAC','defensa'),(109,'Pablo Goñi','Pablo','Goñi Gallego',NULL,0,0,0,'RAC','delantero'),(110,'Soberón','Mario','Soberón Gutiérrez',NULL,0,0,0,'RAC','delantero'),(111,'Jandro','Alejandro','Sánchez Gutiérrez',NULL,0,0,0,'VIM','portero'),(112,'Samu','Samuel','Martín González','1994-05-28',0,0,0,'VIM','portero'),(113,'Chapi','Miguel','Martín Huelga','1991-08-21',0,0,0,'VIM','defensa'),(114,'Damián','Damián','Losada Gabela','1985-06-15',0,0,0,'VIM','defensa'),(115,'Dani','Daniel','Mediavilla Fernandez','1996-05-07',0,0,0,'VIM','defensa'),(116,'Jairo','Jairo','Macho Lopez',NULL,0,0,0,'VIM','defensa'),(117,'Lucho','Luis','Rodríguez Suárez','1985-10-05',0,0,0,'VIM','defensa'),(118,'Cervera','Pablo','Cervera Molledo',NULL,0,0,0,'VIM','centrocampista'),(119,'Dosal','Álvaro','Dosal Sanmatín','1992-08-14',0,0,0,'VIM','centrocampista'),(120,'Jacobo','Jacobo','de Juana Arranz','1991-01-20',0,0,0,'VIM','centrocampista'),(121,'Jesús Sáiz','Jesús','Sáiz Palencia','1995-04-04',0,0,0,'VIM','centrocampista'),(122,'Mantilla','Rubén','Mantilla Sáiz','1990-05-31',0,0,0,'VIM','centrocampista'),(123,'Javi Pereda','Javier','Pereda Bueno','1993-04-22',0,0,0,'VIM','delantero'),(124,'Pereda','Raúl','Pereda Bueno','1998-04-24',0,0,0,'VIM','delantero'),(125,'Cubillas','Luis','Cubillas Ahedo','1995-12-25',0,1,0,'RYC','defensa'),(126,'Gede','Gedeon','Saenz Fernandez',NULL,0,0,0,'SEL','delantero'),(127,'Jacobo','Jacobo','España Diego',NULL,0,0,0,'SEL','delantero'),(128,'Teo','Teodoro','Revuelta Carral',NULL,0,0,0,'SEL','delantero'),(129,'Alex','Alejandro ','Belíjar Arroyo','1995-04-14',0,0,0,'CAS','portero'),(130,'Fidalgo','Sergio','Fidalgo Antolín','1997-08-18',0,1,0,'RYC','defensa'),(131,'Camarón','David','Camarón Basabé','1997-01-01',0,0,0,'CAS','portero'),(132,'Movilla','Javier','Movilla Díaz',NULL,0,0,0,'BAR','portero'),(133,'Alvaro','Álvaro ','Pérez Ruiz','1997-07-16',0,0,0,'BAR','defensa'),(134,'Cristian','Cristian','Gutierrez Villanueva','1990-09-23',0,0,0,'BAR','defensa'),(135,'Manu Diego','Manuel ','Diego Puente','1989-05-13',0,0,0,'BAR','defensa'),(136,'Richy','Ricardo','Muela Oria','1987-08-16',0,0,0,'BAR','defensa'),(137,'Samu','Samuel Joaquín','Ruiz Paredes','1997-01-04',0,0,0,'BAR','defensa'),(138,'Cris','Cristian','Noval Lupión','1988-05-17',0,0,0,'BAR','centrocampista'),(139,'Fernando','Fernando','García Fernández',NULL,0,0,0,'BAR','centrocampista'),(140,'Fito','Adolfo','Peña Quintano','1989-04-02',0,0,0,'BAR','centrocampista'),(141,'Llama','Adrián','Llama Gutiérrez','1994-09-27',0,0,0,'BAR','centrocampista'),(142,'Acebo','Álvaro','Acebo González','1987-09-27',0,0,0,'BAR','delantero'),(143,'Chini','Sergio ','Trueba Gonzalez','1990-01-01',0,0,0,'BAR','delantero'),(144,'Jimmy','Iván','Gómez Pérez','1991-09-25',0,0,0,'BAR','delantero'),(145,'Keita','Mamoudou','Keita','1994-01-01',0,0,0,'BAR','delantero'),(146,'Otar','Otar','Tchitchagua','1996-08-08',0,1,0,'RYC','defensa'),(147,'Iván','Iván ','González Fernández','1987-08-26',0,0,0,'TPZ','portero'),(148,'Bustillo','Jaime','Bustillo Gil','1985-07-24',0,0,0,'TPZ','defensa'),(149,'Chamo','Raúl','Setié, Chamorro','1996-08-05',0,0,0,'TPZ','defensa'),(150,'Estrada','Carlos','Estrada Villar','1987-01-15',0,0,0,'TPZ','defensa'),(151,'Pablo','Pablo','Puente Díaz','1996-01-24',0,0,0,'TPZ','defensa'),(152,'Alex Díaz','Alejandro','Díaz Tagle','1987-12-09',0,0,0,'TPZ','centrocampista'),(153,'Andrei','Andrei','Fronea','1994-09-02',0,0,0,'TPZ','centrocampista'),(154,'Cárcoba','Alejandro','Cárcoba Gutierrez','1996-07-08',0,0,0,'TPZ','centrocampista'),(155,'Iván Zarandona','Iván','Zarandona Esono','1980-08-30',0,0,0,'TPZ','centrocampista'),(156,'Nacho','Ignacio','Gutiérrez Hernández','1997-01-18',0,0,0,'TPZ','centrocampista'),(157,'Sergio Conde','Sergio','Conde Quintana','1984-12-18',0,0,0,'TPZ','centrocampista'),(158,'Víctor Sánchez','Víctor','Sánchez Díaz','1982-06-22',0,0,0,'TPZ','centrocampista'),(159,'Dorronsoro','Alberto','Dondosorro González','1987-07-10',0,0,0,'TPZ','delantero'),(160,'Isuardi','Jaime','Isuardi Fernández','1992-02-02',0,0,0,'TPZ','delantero'),(161,'Juan Fresno','Juan','Fresno Pérez','1990-07-19',0,0,0,'TPZ','delantero'),(162,'Ricky','Ricardo','Fernándo Revuelta','1983-04-24',0,0,0,'TPZ','delantero'),(163,'David Ruiz','David ','Ruiz Lodeiro','1998-05-16',0,0,0,'CAS','portero'),(164,'Rubí','Rubén','Atuse Ralero','1997-01-31',0,1,0,'RYC','defensa'),(165,'Samuel Gomis','Samuel','Gomis','1993-10-22',0,1,0,'RYC','defensa'),(166,'Adrian Bringas','Adrian','Bringas Crespo','1991-11-30',0,0,0,'CAS','defensa'),(181,'Bruno Pinillos','Bruno','Pinillos Gil','1997-06-16',0,0,0,'GNZ','portero'),(182,'Soufi','Soufiane','Mbirik Boujandar','1997-10-10',0,1,0,'RYC','defensa'),(183,'Javi Martín','Javi','Martín Expósito','1990-05-23',0,0,0,'GNZ','defensa'),(184,'Lenguina','Juan ','Lenguina González','1988-03-13',0,0,0,'GNZ','defensa'),(215,'Manu','Manuel','Márquez Montérdez','1991-01-16',0,0,0,'CAY','portero'),(216,'Alex Bolado','Alejandro','Bolado Díaz','1989-03-23',0,0,0,'CAY','defensa'),(217,'Estrada','Diego','Estrada Lumbreras','1992-05-14',0,0,0,'CAY','defensa'),(218,'Iñigo','Iñigo','Saíz Rodríguez','1997-12-12',0,0,0,'CAY','defensa'),(219,'Iván Salcines','Iván','Salcines Martínez','1986-11-11',0,0,0,'CAY','defensa'),(220,'Chili','Sergio','Domínguez Carral','1986-11-01',0,0,0,'CAY','centrocampista'),(221,'Gandarillas','Mario','Gandarillas Cañizo','1996-05-02',0,0,0,'CAY','centrocampista'),(222,'Jairo','Jairo','Cueto Anuarbe ','1995-12-03',0,0,0,'CAY','centrocampista'),(223,'Lavín','Sergio','Lavín López','1983-05-08',0,0,0,'CAY','centrocampista'),(224,'Marcos','Marcos','Sáez Humara','1989-10-06',0,0,0,'CAY','centrocampista'),(225,'Secades','Miguel','Secades Rodríguez ','1993-02-09',0,0,0,'CAY','centrocampista'),(226,'Miguel Angel','Miguel Angel','Garcia Alonso ','1989-03-17',0,0,0,'CAY','centrocampista'),(227,'Adrián Torre','Adrian','Torre García','1988-07-26',0,0,0,'CAY','delantero'),(228,'Chema','Jose María','Torrontegui Fernández ','1984-01-25',0,0,0,'CAY','delantero'),(229,'Marcos Cagigas','Marcos','Cagigas Ahedo','1998-01-01',0,0,0,'GNZ','defensa'),(230,'Mario Ceballos','Mario','Ceballos Prieto','1990-10-22',0,1,0,'GNZ','defensa'),(231,'Ruben Ruiz','Ruben','Ruiz Lombera ','1989-01-11',0,0,0,'VEL','defensa'),(232,'Sainz','Javier','Sainz Gonzalez','1992-04-10',0,0,0,'VEL','defensa'),(233,'Javi Muñoz','Javier','Muñoz Gomez','1990-03-14',0,0,0,'VEL','centrocampista'),(234,'Jorge Gomez','Jorge','Gómez Segurola','1988-04-15',0,0,0,'VEL','centrocampista'),(235,'Miguelín','Miguel','Delghado Gascón','1989-03-17',0,0,0,'VEL','centrocampista'),(236,'Óscar Prieto','Oscar','Prieto Rubio','1996-08-09',0,0,0,'VEL','centrocampista'),(237,'Pablo','Pablo','Martín Del Campo ','1986-06-09',0,0,0,'VEL','centrocampista'),(238,'Ruso','Alberto ','Diez Ibarbia','1989-11-16',0,0,0,'VEL','centrocampista'),(239,'Sergio Martínez','Sergio','Martínez Fernández Calvillo','1996-11-21',0,1,0,'GNZ','defensa'),(240,'Julio','Julio Manuel','Fernandez Lavin',NULL,0,0,0,'SOL','portero'),(241,'Casta','Alejandro','Castanedo Alonso','1993-08-26',0,0,0,'SOL','defensa'),(242,'Charly','Carlos','Saez Sierra',NULL,0,0,0,'SOL','defensa'),(243,'De Juana','Ruben','De Juana Fernandez',NULL,0,0,0,'SOL','defensa'),(244,'Isma','Ismael','Abajas Leiva',NULL,0,0,0,'SOL','defensa'),(245,'Oscar','Oscar','García Mayo',NULL,0,0,0,'SOL','defensa'),(246,'Peli','Ruben','Perez Abascal',NULL,0,0,0,'SOL','defensa'),(247,'Angel Bordás','Angel','Bordás Aja',NULL,0,0,0,'SOL','centrocampista'),(248,'Bada','Javier','Bada Palacio',NULL,0,0,0,'SOL','centrocampista'),(249,'Ivan','Iván','Sainz Cobo',NULL,0,0,0,'SOL','centrocampista'),(250,'Palacio','Victor','Palacio Navarro',NULL,0,0,0,'SOL','centrocampista'),(251,'Borja','Borja','Pelaz Cendon','1994-03-29',0,0,0,'SAN','portero'),(252,'Nando','Fernando','Fernandez Sainz',NULL,0,0,0,'SAN','portero'),(253,'Alvaro Revuelta','Alvaro','Revuelta Pacheco',NULL,0,0,0,'SAN','defensa'),(254,'Eduardo G','Eduardo','Gregorio Sainz',NULL,0,0,0,'SAN','defensa'),(255,'Jandro Gonzalez','Alejandro','Gonzalez Lourido',NULL,0,0,0,'SAN','defensa'),(256,'Jorge Gonzalez','Jorge','Gonzales Gomez',NULL,0,0,0,'SAN','defensa'),(257,'Paco Lavin','Francisco','Lavin Fernandez',NULL,0,0,0,'SAN','defensa'),(258,'Yekini','Jose Ramon','Cosio Martinez','1983-10-10',0,0,0,'SAN','defensa'),(259,'Carlos Quinzaños','Carlos','Quinzaños Gutierrez',NULL,0,0,0,'SAN','centrocampista'),(260,'Ivan Cobo','Ivan','Cobo Saiz','1993-02-22',0,0,0,'SAN','centrocampista'),(261,'Jesus Abascal','Jesus','Abascal Martinez',NULL,0,0,0,'SAN','centrocampista'),(262,'Jose Garcia','Jose','Garcia Luque',NULL,0,0,0,'SAN','centrocampista'),(263,'Raul Tresgallo','Raul','Tresgallo Balbin',NULL,0,0,0,'SAN','centrocampista'),(264,'Roman','Roman','Perez Fernandez',NULL,0,0,0,'SAN','centrocampista'),(265,'Rulo','Raul','Reguilon Garrido',NULL,0,0,0,'SAN','centrocampista'),(266,'Marcos Hoyas','Marcos','Hoyas Balbas','1993-05-21',0,0,0,'SAN','delantero'),(267,'Sergio','Sergio','Tresgallo Gallo','1997-03-23',0,0,0,'SAN','delantero'),(268,'German Ruiz','German','Ruiz Ramirez',NULL,0,0,0,'SAN','delantero'),(269,'Herrera','Emilio','Herrera Calderón','1997-06-10',0,0,0,'GNZ','centrocampista'),(273,'Carlos','Carlos','Calderón Fernández','1997-09-09',0,0,0,'BEZ','portero'),(274,'Arenal','Pablo Arenal','Cortés-Valle','1997-08-07',0,0,0,'BEZ','defensa'),(275,'Borja','Borja','Santisteban Montejo','1997-07-11',0,0,0,'BEZ','defensa'),(276,'Diego','Diego','Fernández Pola','1997-03-04',0,0,0,'BEZ','defensa'),(277,'Jairo','Jairo','Pérez Lago','1997-02-07',0,1,0,'BEZ','defensa'),(278,'Mario Ruiz','Mario','Ruiz Cano','1993-01-31',0,1,0,'BEZ','defensa'),(279,'Raúl Marín','Raúl','Marín Barcena','1997-04-06',0,0,0,'BEZ','defensa'),(280,'Carlos','Carlos','Ruiz Hertli','1983-10-05',0,1,0,'BEZ','centrocampista'),(281,'Charly','Carlos','Gutiérrez Sámanes','1988-06-22',0,0,0,'BEZ','centrocampista'),(282,'Iker Limón','Iker','Limón Viaña','1998-01-01',0,0,0,'BEZ','centrocampista'),(283,'Victor','Victor','Mier Sañudo','1998-01-01',0,0,0,'BEZ','centrocampista'),(284,'Davo','David','Sánchez Alonso','1992-01-26',0,0,0,'BEZ','delantero'),(285,'Mario Sáiz','Mario','Sáiz Terán','1993-07-07',0,0,0,'BEZ','delantero'),(286,'Salomon','Antonio','Salomon Viñas','1996-11-15',0,0,0,'BEZ','delantero'),(287,'Juancar','Juan Carlos','Cordero Vázquez','1997-01-01',0,1,0,'GNZ','centrocampista'),(288,'Victor','Victor','Badiola Jiménez',NULL,0,0,0,'RAC','centrocampista'),(292,'Somaza','David','Somaza Sáiz','1996-09-09',0,0,0,'GNZ','centrocampista'),(293,'Andreu','Andreu','Garcia Luque','1996-11-30',0,0,0,'RYC','centrocampista'),(294,'Balbás','Jose Manuel','Balbás Muriel','1987-08-09',0,1,0,'RYC','centrocampista'),(295,'Charly','Carlos','Martín Briones','1990-09-13',0,0,0,'RYC','centrocampista'),(296,'Cifuentes','Marcos','Cifuentes De la Puente ','1997-10-23',0,0,0,'RYC','centrocampista'),(297,'Gallo','Carlos','Gallo Díaz ',NULL,0,0,0,'RAC','centrocampista'),(298,'Sordo','José','Manuel Sordo Pi','1988-12-23',0,1,0,'GNZ','delantero'),(299,'Temiño','Diego','Temiño Martinez','1996-04-17',0,0,0,'VEL','centrocampista'),(300,'Cristian','Cristian Santiago','Quintora Espinosa','1997-03-26',0,0,0,'VEL','delantero'),(301,'Diego','Diego','Gutierrez Antolin','1986-06-21',0,0,0,'VEL','delantero'),(302,'Guillermo','Guillermo','Ortiz Giráldez','1993-11-28',0,0,0,'VEL','delantero'),(303,'Oscar Ibáñez','Oscar','Ibáñez García','1992-07-23',0,0,0,'VEL','delantero'),(304,'Pellón','Jaime','Pellón Montes','1990-01-25',0,0,0,'VEL','delantero'),(305,'Carlos Toca','Carlos','Toca Diego',NULL,0,0,0,'GNZ','delantero'),(306,'Pedrin','Pedro ramon','Lopez Gomez',NULL,0,0,0,'SOL','centrocampista'),(307,'Pepo','Jorge','Iglesias Fortuoso',NULL,0,0,0,'SOL','centrocampista'),(308,'Escudero','Pablo','Escudero Peña','1989-09-01',0,0,0,'RYC','centrocampista'),(309,'Mario Marcos','Mario Marcos','Ortiz','1996-11-30',0,1,0,'BEZ','centrocampista'),(310,'Nando Cruces','Fernando','Cruces Lanza','1983-08-25',0,0,0,'VEL','defensa'),(311,'Felix','Felix','Toca Pereira',NULL,0,0,0,'GNZ','centrocampista'),(312,'Ferchu','Fernando','Escobedo Vargas','1975-10-20',0,0,0,'RYC','centrocampista'),(313,'Alvaro','Alvaro','Corral Gutierrez','1983-05-30',0,0,0,'GNZ','delantero'),(314,'Mati','Luis Matías','Hernandez Mirueña','1997-05-24',0,1,0,'RYC','centrocampista'),(315,'Jonathan','Jonathan','Bengoechea Fernandez','1991-11-08',0,0,0,'ALB','portero'),(316,'Chicha','Alejandro','Saiz Transpuesto','1987-02-24',0,0,0,'ALB','defensa'),(317,'Guillermo','Guillermo','De la Vega Garcia','1993-12-27',0,0,0,'ALB','defensa'),(318,'Johny','Jonathan','Gonzalez Beraza','1986-01-13',0,0,0,'ALB','defensa'),(319,'Manu Cantero','Manuel','Cantero Sanchez','1995-10-20',0,0,0,'ALB','defensa'),(320,'Pove','Adrian','Povedano Ortigueira','1996-04-06',0,0,0,'ALB','defensa'),(321,'Cristian','Cristian ','Garcia Arroyo','1998-03-05',0,0,0,'ALB','centrocampista'),(322,'Guillermo','Guillermo','Sanchez Gonzalo','1989-02-10',0,0,0,'ALB','centrocampista'),(323,'Isaac','Isaac','Gonzalez Ramos',NULL,0,0,0,'ALB','centrocampista'),(324,'Pablo Garcia','Pablo','Garcia Rodriguez','1987-08-28',0,0,0,'ALB','centrocampista'),(325,'Pablo Martin','Pablo ','Martin Bustillo','1996-02-10',0,0,0,'ALB','centrocampista'),(326,'Ibrahim','Ibrahim','Ruiz Rey','1982-01-21',0,0,0,'ALB','delantero'),(327,'Pablin','Pablo Javier','Lantaron Diaz','1991-07-03',0,0,0,'ALB','delantero'),(328,'Pepelu','Jose Luis ','Diaz Fernandez',NULL,0,0,0,'ALB','delantero'),(329,'Jorge','Jorge','Peramato Herrero','1997-01-08',0,0,0,'SIE','portero'),(330,'Aitor','Aitor','Gómez Ada',NULL,0,0,0,'CAS','defensa'),(331,'Alvaro','Álvaro','Múgica Lastra','1982-12-28',0,0,0,'CAS','defensa'),(332,'Daniel Calvo ','Daniel ','Calvo Odriozola','1984-02-10',0,0,0,'CAS','defensa'),(333,'Andoni Llave','Andoni','Llave Romaña','1990-04-04',0,0,0,'CAS','centrocampista'),(334,'Chori','Israel Sergio ','Sánchez Rozadilla','1984-10-28',0,0,0,'CAS','centrocampista'),(335,'David Carasa','David ','Carasa Helguera','1998-01-01',0,0,0,'CAS','centrocampista'),(336,'Diego Marta','Diego','Marta Hurtado','1999-01-01',0,0,0,'CAS','centrocampista'),(337,'Guemes','Jose Antonio','Guemes Jato','1990-06-01',0,0,0,'CAS','centrocampista'),(338,'Javi Angulo','Javier','Angulo Candelera','1990-06-01',0,0,0,'CAS','centrocampista'),(339,'Lander Gómez','Lander','Gómez Echevarría','1990-06-01',0,0,0,'CAS','delantero'),(340,'Salva','Salvador ','Hoya Alonso','1983-05-22',0,0,0,'CAS','centrocampista'),(341,'Urquijo','Javier','Urquijo Ruiz','1997-12-24',0,0,0,'CAS','defensa'),(342,'Llamosas','Alejandro','Llamosas Castillo','1992-04-01',0,0,0,'CAS','centrocampista'),(343,'Chemi','José Miguel','Díez Collantes','1981-09-27',0,0,0,'ESC','portero'),(344,'Rafa','Rafael','Pedrero Ros','1992-12-12',0,0,0,'ESC','portero'),(345,'Ibarguen','Adrian ','Ibarguen Ontaneda','1996-03-19',0,0,0,'ESC','defensa'),(356,'Colina','Ivan','Colina Lopez','1990-09-30',0,0,0,'SIE','defensa'),(357,'German','German','Alvarez Aspiazu','1986-03-30',0,0,0,'SIE','defensa'),(358,'Ibon','Ibon','Garcia Arrizabalaga','1995-03-20',0,0,0,'SIE','defensa'),(359,'Iker Pazos','Iker','Pazos Arranz','1997-04-01',0,0,0,'SIE','defensa'),(360,'Manu Cadaya','Jose Manuel','Cadaya Barba','1985-02-09',0,0,0,'SIE','defensa'),(361,'Valdes','Diego','Valdes Acebo','1992-08-26',0,0,0,'SIE','defensa'),(362,'Vicen','Vicente','Valle Pacheco','1994-01-01',0,0,0,'SIE','defensa'),(363,'Choi','In Hyeok','Choi','1998-01-12',0,0,0,'SIE','centrocampista'),(364,'Cristian','Cristian','Ganzabal Garcia','1998-01-01',0,0,0,'SIE','centrocampista'),(365,'Faouzi','Faouzi','Jakkal Marfouk','1997-07-25',0,0,0,'SIE','centrocampista'),(366,'Nico','Nicolas','Antiguedad Correa','1994-08-03',0,0,0,'SIE','centrocampista'),(367,'Rocha','Alberto','Toca Ugarte','1988-02-28',0,0,0,'SIE','centrocampista'),(368,'Dani','Daniel','Alvarez Estrada',NULL,0,0,0,'ESC','delantero'),(369,'Hector','Hector','Tirado Vega',NULL,0,0,0,'ESC','centrocampista'),(370,'Manu Busto','Manuel Adolfo','Busto Loza',NULL,0,0,0,'BEZ','delantero'),(371,'Terrón','José Carlos','Terrón Arroyo',NULL,0,0,0,'BAR','delantero'),(374,'D.González','David','Gonzalez Larrañaga',NULL,0,0,0,'SOL','centrocampista'),(375,'Tirilonte','Raul','Tirilonte Cruz',NULL,0,0,0,'RAC','centrocampista'),(376,'Oscar Lopez','Óscar','López Ateca',NULL,0,0,0,'VEL','centrocampista'),(377,'Jose Luis','José Luis','Lavín Ruiz','1988-01-04',0,0,0,'ESC','centrocampista'),(378,'J.Zorrozua','Jon Gotzon','Zorrozua González',NULL,0,0,0,'CAS','centrocampista'),(379,'Pablin','Pablo','Lantarón Díaz',NULL,0,0,0,'ALB','delantero'),(380,'Germán','Germán','Gutierrez Herrera','1993-02-16',0,0,0,'ESC','delantero'),(381,'Santa','Aitor','Santamaria San Miguel',NULL,0,0,0,'BAR','defensa'),(382,'Oscar Lopez','Oscar','Lopez Ateca','1990-12-30',0,0,0,'SOL','delantero');
/*!40000 ALTER TABLE `jugadores` ENABLE KEYS */;
UNLOCK TABLES;

--
-- Table structure for table `partidos`
--

DROP TABLE IF EXISTS `partidos`;
/*!40101 SET @saved_cs_client     = @@character_set_client */;
/*!40101 SET character_set_client = utf8 */;
CREATE TABLE `partidos` (
  `numjornada` tinyint(4) NOT NULL,
  `numpartido` tinyint(4) NOT NULL,
  `eqloc` char(3) DEFAULT NULL,
  `eqvis` char(3) DEFAULT NULL,
  `golesloc` tinyint(4) DEFAULT NULL,
  `golesvis` tinyint(4) DEFAULT NULL,
  `fecha` date DEFAULT NULL,
  PRIMARY KEY (`numjornada`,`numpartido`),
  KEY `fk_local_equipos` (`eqloc`),
  KEY `fk_vist_equipos` (`eqvis`),
  CONSTRAINT `fk_local_equipos` FOREIGN KEY (`eqloc`) REFERENCES `equipos` (`codeq`) ON DELETE NO ACTION ON UPDATE CASCADE,
  CONSTRAINT `fk_vist_equipos` FOREIGN KEY (`eqvis`) REFERENCES `equipos` (`codeq`) ON DELETE NO ACTION ON UPDATE CASCADE
) ENGINE=InnoDB DEFAULT CHARSET=utf8;
/*!40101 SET character_set_client = @saved_cs_client */;

--
-- Dumping data for table `partidos`
--

LOCK TABLES `partidos` WRITE;
/*!40000 ALTER TABLE `partidos` DISABLE KEYS */;
INSERT INTO `partidos` VALUES (1,1,'TPZ','BAR',3,1,'2017-08-20'),(1,2,'SAN','RAC',0,3,'2017-08-20'),(1,3,'BEZ','ESC',1,2,'2017-08-20'),(1,4,'SEL','CAS',1,0,'2017-08-20'),(1,5,'CAY','ALB',4,0,'2017-08-20'),(1,6,'SAM','TEX',3,1,'2017-08-19'),(1,7,'VEL','VIM',1,1,'2017-08-20'),(1,8,'GNZ','SIE',2,1,'2017-08-20'),(1,9,'LAR','SOL',3,1,'2017-08-20'),(1,10,'RYC','GIM',0,2,'2017-08-19'),(2,1,'BAR','RYC',1,0,'2017-08-27'),(2,2,'RAC','TPZ',1,1,'2017-08-26'),(2,3,'ESC','SAN',3,3,'2017-08-26'),(2,4,'CAS','BEZ',2,1,'2017-08-27'),(2,5,'ALB','SEL',1,0,'2017-08-27'),(2,6,'TEX','CAY',1,0,'2017-08-27'),(2,7,'VIM','SAM',0,0,'2017-08-27'),(2,8,'SIE','VEL',1,2,'2017-08-27'),(2,9,'SOL','GNZ',1,3,'2017-08-27'),(2,10,'GIM','LAR',1,1,'2017-08-26'),(3,1,'BAR','RAC',0,3,'2017-09-03'),(3,2,'TPZ','ESC',3,1,'2017-09-03'),(3,3,'SAN','CAS',0,1,'2017-09-03'),(3,4,'BEZ','ALB',1,0,'2017-09-03'),(3,5,'SEL','TEX',2,1,'2017-09-03'),(3,6,'CAY','VIM',2,0,'2017-09-03'),(3,7,'SAM','SIE',2,0,'2017-09-02'),(3,8,'VEL','SOL',0,1,'2017-09-03'),(3,9,'GNZ','GIM',0,5,'2017-09-02'),(3,10,'RYC','LAR',1,1,'2017-09-02'),(4,1,'RAC','RYC',1,0,'2017-09-09'),(4,2,'ESC','BAR',1,0,'2017-09-09'),(4,3,'CAS','TPZ',1,5,'2017-09-09'),(4,4,'ALB','SAN',3,2,'2017-09-09'),(4,5,'TEX','BEZ',1,1,'2017-09-10'),(4,6,'VIM','SEL',1,1,'2017-09-09'),(4,7,'SIE','CAY',1,2,'2017-09-09'),(4,8,'SOL','SAM',1,1,'2017-09-09'),(4,9,'GIM','VEL',2,2,'2017-09-09'),(4,10,'LAR','GNZ',1,0,'2017-09-09'),(5,1,'RAC','ESC',0,2,'2017-09-16'),(5,2,'BAR','CAS',3,1,'2017-09-15'),(5,3,'TPZ','ALB',2,0,'2017-09-15'),(5,4,'SAN','TEX',0,2,'2017-09-15'),(5,5,'BEZ','VIM',1,0,'2017-09-16'),(5,6,'SEL','SIE',2,3,'2017-09-17'),(5,7,'CAY','SOL',5,2,'2017-09-17'),(5,8,'SAM','GIM',1,1,'2017-09-16'),(5,9,'VEL','LAR',0,3,'2017-09-15'),(5,10,'RYC','GNZ',2,2,'2017-09-17'),(6,1,'ESC','RYC',2,1,'2017-09-23'),(6,2,'CAS','RAC',0,1,'2017-09-24'),(6,3,'ALB','BAR',0,0,'2017-09-23'),(6,4,'TEX','TPZ',1,1,'2017-09-24'),(6,5,'VIM','SAN',2,0,'2017-09-24'),(6,6,'SIE','BEZ',NULL,NULL,'2017-09-24'),(6,7,'SOL','SEL',NULL,NULL,'2017-09-24'),(6,8,'GIM','CAY',NULL,NULL,'2017-09-24'),(6,9,'LAR','SAM',NULL,NULL,'2017-09-24'),(6,10,'GNZ','LAR',NULL,NULL,'2017-09-24'),(7,1,'ESC','CAS',NULL,NULL,'2017-10-01'),(7,2,'RAC','ALB',NULL,NULL,'2017-10-01'),(7,3,'BAR','TEX',NULL,NULL,'2017-10-01'),(7,4,'TPZ','VIM',NULL,NULL,'2017-10-01'),(7,5,'SAN','SIE',NULL,NULL,'2017-10-01'),(7,6,'BEZ','SOL',NULL,NULL,'2017-10-01'),(7,7,'SEL','GIM',NULL,NULL,'2017-10-01'),(7,8,'CAY','LAR',NULL,NULL,'2017-10-01'),(7,9,'SAM','GNZ',NULL,NULL,'2017-10-01'),(7,10,'RYC','VEL',NULL,NULL,'2017-10-01'),(20,1,'BAR','TPZ',NULL,NULL,'2018-01-07'),(20,2,'RAC','SAN',NULL,NULL,'2018-01-07'),(20,3,'ESC','BEZ',NULL,NULL,'2018-01-07'),(20,4,'CAS','SEL',NULL,NULL,'2018-01-07'),(20,5,'ALB','CAY',NULL,NULL,'2018-01-07'),(20,6,'TEX','SAM',NULL,NULL,'2018-01-06'),(20,7,'VIM','VEL',NULL,NULL,'2018-01-07'),(20,8,'SIE','GNZ',NULL,NULL,'2018-01-07'),(20,9,'SOL','LAR',NULL,NULL,'2018-01-07'),(20,10,'GIM','RYC',NULL,NULL,'2018-01-06'),(21,1,'RYC','BAR',NULL,NULL,'2018-01-14'),(21,2,'TPZ','RAC',NULL,NULL,'2018-01-13'),(21,3,'SAN','ESC',NULL,NULL,'2018-01-13'),(21,4,'BEZ','CAS',NULL,NULL,'2018-01-14'),(21,5,'SEL','ALB',NULL,NULL,'2018-01-14'),(21,6,'CAY','TEX',NULL,NULL,'2018-01-14'),(21,7,'SAM','VIM',NULL,NULL,'2018-01-14'),(21,8,'VEL','SIE',NULL,NULL,'2018-01-14'),(21,9,'GNZ','SOL',NULL,NULL,'2018-01-14'),(21,10,'LAR','GIM',NULL,NULL,'2018-01-13'),(22,1,'RAC','BAR',NULL,NULL,'2018-01-21'),(22,2,'ESC','TPZ',NULL,NULL,'2018-01-21'),(22,3,'CAS','SAN',NULL,NULL,'2018-01-21'),(22,4,'ALB','BEZ',NULL,NULL,'2018-01-21'),(22,5,'TEX','SEL',NULL,NULL,'2018-01-21'),(22,6,'VIM','CAY',NULL,NULL,'2018-01-21'),(22,7,'SIE','SAM',NULL,NULL,'2018-01-20'),(22,8,'SOL','VEL',NULL,NULL,'2018-01-21'),(22,9,'GIM','GNZ',NULL,NULL,'2018-01-20'),(22,10,'LAR','RYC',NULL,NULL,'2018-01-20'),(23,1,'RYC','RAC',NULL,NULL,'2018-01-27'),(23,2,'BAR','ESC',NULL,NULL,'2018-01-27'),(23,3,'TPZ','CAS',NULL,NULL,'2018-01-27'),(23,4,'SAN','ALB',NULL,NULL,'2018-01-27'),(23,5,'BEZ','TEX',NULL,NULL,'2018-01-28'),(23,6,'SEL','VIM',NULL,NULL,'2018-01-27'),(23,7,'CAY','SIE',NULL,NULL,'2018-01-27'),(23,8,'SAM','SOL',NULL,NULL,'2018-01-27'),(23,9,'VEL','GIM',NULL,NULL,'2018-01-27'),(23,10,'GNZ','LAR',NULL,NULL,'2018-01-27'),(24,1,'ESC','RAC',NULL,NULL,'2018-02-03'),(24,2,'CAS','BAR',NULL,NULL,'2018-02-02'),(24,3,'ALB','TPZ',NULL,NULL,'2018-02-02'),(24,4,'TEX','SAN',NULL,NULL,'2018-02-02'),(24,5,'VIM','BEZ',NULL,NULL,'2018-02-03'),(24,6,'SIE','SEL',NULL,NULL,'2018-02-04'),(24,7,'SOL','CAY',NULL,NULL,'2018-02-04'),(24,8,'GIM','SAM',NULL,NULL,'2018-02-03'),(24,9,'LAR','VEL',NULL,NULL,'2018-02-02'),(24,10,'GNZ','RYC',NULL,NULL,'2018-02-04'),(25,1,'RYC','ESC',NULL,NULL,'2018-02-10'),(25,2,'RAC','CAS',NULL,NULL,'2018-02-11'),(25,3,'BAR','ALB',NULL,NULL,'2018-02-10'),(25,4,'TPZ','TEX',NULL,NULL,'2018-02-11'),(25,5,'SAN','VIM',NULL,NULL,'2018-02-11'),(25,6,'BEZ','SIE',NULL,NULL,'2018-02-11'),(25,7,'SEL','SOL',NULL,NULL,'2018-02-11'),(25,8,'CAY','GIM',NULL,NULL,'2018-02-11'),(25,9,'SAM','LAR',NULL,NULL,'2018-02-11'),(25,10,'LAR','GNZ',NULL,NULL,'2018-02-11'),(26,1,'CAS','ESC',NULL,NULL,'2018-02-18'),(26,2,'ALB','RAC',NULL,NULL,'2018-02-18'),(26,3,'TEX','BAR',NULL,NULL,'2018-02-18'),(26,4,'VIM','TPZ',NULL,NULL,'2018-02-18'),(26,5,'SIE','SAN',NULL,NULL,'2018-02-18'),(26,6,'SOL','BEZ',NULL,NULL,'2018-02-18'),(26,7,'GIM','SEL',NULL,NULL,'2018-02-18'),(26,8,'LAR','CAY',NULL,NULL,'2018-02-18'),(26,9,'GNZ','SAM',NULL,NULL,'2018-02-18'),(26,10,'VEL','RYC',NULL,NULL,'2018-02-18');
/*!40000 ALTER TABLE `partidos` ENABLE KEYS */;
UNLOCK TABLES;
/*!40103 SET TIME_ZONE=@OLD_TIME_ZONE */;

/*!40101 SET SQL_MODE=@OLD_SQL_MODE */;
/*!40014 SET FOREIGN_KEY_CHECKS=@OLD_FOREIGN_KEY_CHECKS */;
/*!40014 SET UNIQUE_CHECKS=@OLD_UNIQUE_CHECKS */;
/*!40101 SET CHARACTER_SET_CLIENT=@OLD_CHARACTER_SET_CLIENT */;
/*!40101 SET CHARACTER_SET_RESULTS=@OLD_CHARACTER_SET_RESULTS */;
/*!40101 SET COLLATION_CONNECTION=@OLD_COLLATION_CONNECTION */;
/*!40111 SET SQL_NOTES=@OLD_SQL_NOTES */;

-- Dump completed on 2018-01-09 23:44:42
